E,1,2,3,4,5,6,7,8,9,10,11,12,13,14,15,16,17,18,19,20,21,22,23,24,25,26,27,28,29,30
(eV),keV,keV,keV,keV,keV,keV,keV,keV,keV,keV,keV,keV,keV,keV,keV,keV,keV,keV,keV,keV,keV,keV,keV,keV,keV,keV,keV,keV,keV,keV
1.015,5.57696E-25,9.44018E-25,1.43701E-24,2.27144E-24,3.52011E-24,5.35919E-24,2.94354E-23,1.58866E-21,3.53817E-20,3.71456E-18,1.42385E-16,1.72398E-15,9.9307E-15,3.51474E-14,8.94989E-14,1.8132E-13,3.12139E-13,4.77244E-13,6.68106E-13,8.74916E-13,1.08836E-12,1.30052E-12,1.50526E-12,1.69808E-12,1.87592E-12,2.0369E-12,2.18005E-12,2.30505E-12,2.41208E-12,2.50169E-12
1.03,1.32514E-24,2.24309E-24,3.41449E-24,5.39719E-24,8.36415E-24,1.2734E-23,6.99416E-23,3.77483E-21,8.40705E-20,8.82619E-18,3.38322E-16,4.09635E-15,2.35964E-14,8.35138E-14,2.12659E-13,4.30835E-13,7.41675E-13,1.13398E-12,1.58749E-12,2.07889E-12,2.58605E-12,3.09018E-12,3.57666E-12,4.0348E-12,4.45737E-12,4.83989E-12,5.18002E-12,5.47703E-12,5.73136E-12,5.94428E-12
1.045,3.11416E-24,5.27137E-24,8.02422E-24,1.26837E-23,1.96562E-23,2.99255E-23,1.64367E-22,8.87105E-21,1.9757E-19,2.0742E-17,7.95075E-16,9.62664E-15,5.54527E-14,1.96262E-13,4.99759E-13,1.01248E-12,1.74297E-12,2.66492E-12,3.73068E-12,4.88551E-12,6.07734E-12,7.26209E-12,8.40534E-12,9.482E-12,1.04751E-11,1.1374E-11,1.21733E-11,1.28713E-11,1.3469E-11,1.39694E-11
1.06,7.23819E-24,1.22522E-23,1.86506E-23,2.94805E-23,4.56866E-23,6.95555E-23,3.82035E-22,2.06188E-20,4.59209E-19,4.82103E-17,1.84798E-15,2.23751E-14,1.28888E-13,4.56168E-13,1.16158E-12,2.3533E-12,4.05117E-12,6.19403E-12,8.67117E-12,1.13553E-11,1.41255E-11,1.68792E-11,1.95364E-11,2.20389E-11,2.4347E-11,2.64364E-11,2.82942E-11,2.99166E-11,3.13058E-11,3.24688E-11
1.075,1.66391E-23,2.81653E-23,4.2874E-23,6.77697E-23,1.05024E-22,1.59894E-22,8.78221E-22,4.73986E-20,1.05563E-18,1.10826E-16,4.24814E-15,5.14358E-14,2.96288E-13,1.04864E-12,2.67025E-12,5.40977E-12,9.31283E-12,1.42388E-11,1.99333E-11,2.61036E-11,3.24717E-11,3.88018E-11,4.49103E-11,5.0663E-11,5.59689E-11,6.0772E-11,6.50428E-11,6.87722E-11,7.19657E-11,7.46393E-11
1.09,3.78307E-23,6.40365E-23,9.74781E-23,1.54081E-22,2.38783E-22,3.63535E-22,1.99672E-21,1.07765E-19,2.40008E-18,2.51973E-16,9.65855E-15,1.16944E-13,6.73639E-13,2.38418E-12,6.07106E-12,1.22996E-11,2.11736E-11,3.23734E-11,4.53202E-11,5.9349E-11,7.38274E-11,8.82197E-11,1.02108E-10,1.15187E-10,1.27251E-10,1.38171E-10,1.47881E-10,1.5636E-10,1.63621E-10,1.697E-10
1.105,8.50686E-23,1.43997E-22,2.19196E-22,3.46477E-22,5.36943E-22,8.17468E-22,4.48996E-21,2.42328E-19,5.39697E-18,5.66604E-16,2.17189E-14,2.62969E-13,1.51479E-12,5.36123E-12,1.36518E-11,2.76578E-11,4.76124E-11,7.27969E-11,1.0191E-10,1.33456E-10,1.66013E-10,1.98377E-10,2.29607E-10,2.59017E-10,2.86144E-10,3.107E-10,3.32535E-10,3.51602E-10,3.67929E-10,3.81598E-10
1.12,1.89194E-22,3.2025E-22,4.87494E-22,7.70568E-22,1.19417E-21,1.81806E-21,9.98572E-21,5.38941E-19,1.20029E-17,1.26013E-15,4.8303E-14,5.84845E-13,3.36891E-12,1.19234E-11,3.03617E-11,6.15112E-11,1.0589E-10,1.61901E-10,2.26649E-10,2.96808E-10,3.69215E-10,4.41192E-10,5.10648E-10,5.76058E-10,6.36389E-10,6.91001E-10,7.39562E-10,7.81967E-10,8.18278E-10,8.48678E-10
1.135,4.16155E-22,7.04431E-22,1.0723E-21,1.69496E-21,2.62672E-21,3.99905E-21,2.19649E-20,1.18547E-18,2.6402E-17,2.77182E-15,1.06249E-13,1.28644E-12,7.41034E-12,2.62271E-11,6.67845E-11,1.35302E-10,2.3292E-10,3.56122E-10,4.98544E-10,6.52867E-10,8.12136E-10,9.70457E-10,1.12323E-09,1.26711E-09,1.39982E-09,1.51994E-09,1.62676E-09,1.72004E-09,1.79991E-09,1.86677E-09
1.15,9.05349E-22,1.5325E-21,2.33281E-21,3.68741E-21,5.71446E-21,8.69997E-21,4.77847E-20,2.579E-18,5.74377E-17,6.03013E-15,2.31145E-13,2.79866E-12,1.61213E-11,5.70573E-11,1.4529E-10,2.9435E-10,5.06718E-10,7.74747E-10,1.08459E-09,1.42032E-09,1.76681E-09,2.11124E-09,2.44361E-09,2.75661E-09,3.04531E-09,3.30665E-09,3.53903E-09,3.74195E-09,3.91571E-09,4.06118E-09
1.165,1.948E-21,3.2974E-21,5.0194E-21,7.93402E-21,1.22955E-20,1.87193E-20,1.02816E-19,5.54911E-18,1.23586E-16,1.29748E-14,4.97344E-13,6.02176E-12,3.46874E-11,1.22768E-10,3.12615E-10,6.3334E-10,1.09028E-09,1.66699E-09,2.33366E-09,3.05603E-09,3.80156E-09,4.54266E-09,5.2578E-09,5.93128E-09,6.55247E-09,7.11478E-09,7.61478E-09,8.05139E-09,8.42526E-09,8.73827E-09
1.18,4.14547E-21,7.01708E-21,1.06816E-20,1.68841E-20,2.61657E-20,3.98359E-20,2.188E-19,1.18089E-17,2.62999E-16,2.76111E-14,1.05838E-12,1.28147E-11,7.3817E-11,2.61257E-10,6.65264E-10,1.34779E-09,2.32019E-09,3.54746E-09,4.96617E-09,6.50343E-09,8.08997E-09,9.66706E-09,1.11889E-08,1.26221E-08,1.39441E-08,1.51407E-08,1.62047E-08,1.71339E-08,1.79295E-08,1.85956E-08
1.195,8.72509E-21,1.47691E-20,2.24819E-20,3.55365E-20,5.50717E-20,8.38439E-20,4.60514E-19,2.48545E-17,5.53542E-16,5.81139E-14,2.2276E-12,2.69715E-11,1.55365E-10,5.49877E-10,1.4002E-09,2.83673E-09,4.88338E-09,7.46644E-09,1.04524E-08,1.3688E-08,1.70272E-08,2.03466E-08,2.35497E-08,2.65662E-08,2.93485E-08,3.18671E-08,3.41066E-08,3.60622E-08,3.77368E-08,3.91387E-08
1.21,1.81626E-20,3.07441E-20,4.67995E-20,7.39747E-20,1.1464E-19,1.74534E-19,9.58631E-19,5.17384E-17,1.15228E-15,1.20973E-13,4.6371E-12,5.61452E-11,3.23416E-10,1.14465E-09,2.91473E-09,5.90509E-09,1.01655E-08,1.55425E-08,2.17584E-08,2.84936E-08,3.54447E-08,4.23545E-08,4.90223E-08,5.53016E-08,6.10934E-08,6.63362E-08,7.09981E-08,7.5069E-08,7.85549E-08,8.14732E-08
1.225,3.73937E-20,6.32968E-20,9.63521E-20,1.52301E-19,2.36025E-19,3.59336E-19,1.97366E-18,1.06521E-16,2.37235E-15,2.49063E-13,9.54699E-12,1.15593E-10,6.65858E-10,2.35664E-09,6.00094E-09,1.21576E-08,2.0929E-08,3.19994E-08,4.47968E-08,5.86635E-08,7.29747E-08,8.72007E-08,1.00928E-07,1.13857E-07,1.25781E-07,1.36575E-07,1.46173E-07,1.54554E-07,1.61731E-07,1.67739E-07
1.24,7.61432E-20,1.28888E-19,1.96198E-19,3.10124E-19,4.80607E-19,7.31699E-19,4.01887E-18,2.16903E-16,4.83072E-15,5.07156E-13,1.94401E-11,2.35378E-10,1.35586E-09,4.79873E-09,1.22194E-08,2.47559E-08,4.26169E-08,6.5159E-08,9.12177E-08,1.19454E-07,1.48595E-07,1.77563E-07,2.05516E-07,2.31841E-07,2.56122E-07,2.78102E-07,2.97645E-07,3.14712E-07,3.29326E-07,3.4156E-07
1.255,1.53347E-19,2.59572E-19,3.95128E-19,6.24568E-19,9.67908E-19,1.47359E-18,8.09372E-18,4.36827E-16,9.72873E-15,1.02138E-12,3.9151E-11,4.74034E-10,2.7306E-09,9.6643E-09,2.46091E-08,4.98567E-08,8.58273E-08,1.31226E-07,1.83706E-07,2.40572E-07,2.9926E-07,3.57599E-07,4.13895E-07,4.66912E-07,5.15812E-07,5.60077E-07,5.99437E-07,6.33807E-07,6.63238E-07,6.87878E-07
1.27,3.05444E-19,5.17028E-19,7.87034E-19,1.24404E-18,1.92792E-18,2.93517E-18,1.61214E-17,8.70093E-16,1.93781E-14,2.03442E-12,7.79828E-11,9.44204E-10,5.43893E-09,1.92498E-08,4.90175E-08,9.93069E-08,1.70955E-07,2.61381E-07,3.65914E-07,4.79182E-07,5.9608E-07,7.12282E-07,8.24415E-07,9.30017E-07,1.02742E-06,1.11559E-06,1.19399E-06,1.26245E-06,1.32107E-06,1.37015E-06
1.285,6.01726E-19,1.01855E-18,1.55046E-18,2.45078E-18,3.79803E-18,5.7823E-18,3.17594E-17,1.71409E-15,3.81751E-14,4.00783E-12,1.53627E-10,1.86009E-09,1.07147E-08,3.79223E-08,9.65649E-08,1.95635E-07,3.36783E-07,5.14923E-07,7.20854E-07,9.43992E-07,1.17428E-06,1.4032E-06,1.6241E-06,1.83214E-06,2.02402E-06,2.19772E-06,2.35216E-06,2.48703E-06,2.60252E-06,2.6992E-06
1.3,1.17241E-18,1.98455E-18,3.02094E-18,4.77511E-18,7.4001E-18,1.12663E-17,6.18802E-17,3.33975E-15,7.43806E-14,7.80889E-12,2.99327E-10,3.62421E-09,2.08767E-08,7.38881E-08,1.88148E-07,3.81177E-07,6.5619E-07,1.00328E-06,1.40452E-06,1.83928E-06,2.28798E-06,2.73401E-06,3.16442E-06,3.56976E-06,3.94362E-06,4.28205E-06,4.58297E-06,4.84575E-06,5.07077E-06,5.25915E-06
1.315,2.25928E-18,3.82432E-18,5.82148E-18,9.20186E-18,1.42603E-17,2.17106E-17,1.19246E-16,6.43584E-15,1.43335E-13,1.50481E-11,5.76817E-10,6.98402E-09,4.02303E-08,1.42386E-07,3.62569E-07,7.34546E-07,1.26451E-06,1.93337E-06,2.70657E-06,3.54438E-06,4.40904E-06,5.26856E-06,6.09797E-06,6.87908E-06,7.59953E-06,8.25169E-06,8.83159E-06,9.33798E-06,9.77159E-06,1.01346E-05
1.33,4.306E-18,7.28882E-18,1.10952E-17,1.7538E-17,2.7179E-17,4.13786E-17,2.27273E-16,1.22662E-14,2.73184E-13,2.86804E-11,1.09937E-09,1.33109E-08,7.66756E-08,2.71375E-07,6.91026E-07,1.39998E-06,2.41004E-06,3.68483E-06,5.15849E-06,6.75528E-06,8.40326E-06,1.00414E-05,1.16222E-05,1.31109E-05,1.44841E-05,1.5727E-05,1.68323E-05,1.77974E-05,1.86238E-05,1.93157E-05
1.345,8.11689E-18,1.37396E-17,2.09147E-17,3.30594E-17,5.12329E-17,7.79994E-17,4.28413E-16,2.3122E-14,5.14957E-13,5.4063E-11,2.07232E-09,2.50914E-08,1.44535E-07,5.11547E-07,1.3026E-06,2.63899E-06,4.54298E-06,6.94598E-06,9.72384E-06,1.27338E-05,1.58403E-05,1.89283E-05,2.19081E-05,2.47144E-05,2.73027E-05,2.96457E-05,3.17291E-05,3.35484E-05,3.51063E-05,3.64105E-05
1.36,1.51327E-17,2.56154E-17,3.89924E-17,6.16342E-17,9.5516E-17,1.45418E-16,7.98712E-16,4.31074E-14,9.6006E-13,1.00792E-10,3.86354E-09,4.67791E-08,2.69464E-07,9.53702E-07,2.4285E-06,4.92E-06,8.4697E-06,1.29497E-05,1.81286E-05,2.37403E-05,2.95319E-05,3.52889E-05,4.08444E-05,4.60762E-05,5.09018E-05,5.527E-05,5.91542E-05,6.2546E-05,6.54504E-05,6.78819E-05
1.375,2.79034E-17,4.72324E-17,7.18984E-17,1.13648E-16,1.76123E-16,2.68138E-16,1.47275E-15,7.94861E-14,1.77026E-12,1.85852E-10,7.12401E-09,8.62564E-08,4.96866E-07,1.75854E-06,4.47793E-06,9.07204E-06,1.56173E-05,2.38781E-05,3.34276E-05,4.3775E-05,5.44541E-05,6.50696E-05,7.53133E-05,8.49604E-05,9.38583E-05,0.000101913,0.000109075,0.000115329,0.000120684,0.000125168
1.39,5.08871E-17,8.61373E-17,1.31121E-16,2.07259E-16,3.21194E-16,4.89001E-16,2.68585E-15,1.44958E-13,3.22841E-12,3.38936E-10,1.2992E-08,1.57305E-07,9.0613E-07,3.20703E-06,8.16636E-06,1.65446E-05,2.84812E-05,4.35463E-05,6.09615E-05,7.9832E-05,9.93074E-05,0.000118667,0.000137348,0.000154941,0.000171169,0.000185858,0.000198919,0.000210325,0.000220091,0.000228268
1.405,9.17849E-17,1.55365E-16,2.36501E-16,3.73832E-16,5.79335E-16,8.82008E-16,4.84445E-15,2.6146E-13,5.82307E-12,6.11338E-10,2.34336E-08,2.8373E-07,1.63438E-06,5.78451E-06,1.47296E-05,2.98414E-05,5.13714E-05,7.85443E-05,0.000109956,0.000143993,0.00017912,0.000214039,0.000247734,0.000279467,0.000308736,0.000335231,0.000358789,0.000379362,0.000396977,0.000411725
1.42,1.63737E-16,2.77159E-16,4.21899E-16,6.66885E-16,1.03349E-15,1.57343E-15,8.6421E-15,4.66424E-13,1.03879E-11,1.09058E-09,4.18036E-08,5.06152E-07,2.91561E-06,1.03191E-05,2.62764E-05,5.32346E-05,9.16425E-05,0.000140117,0.000196153,0.000256871,0.000319536,0.000381828,0.000441938,0.000498547,0.00055076,0.000598024,0.000640051,0.00067675,0.000708175,0.000734485
1.435,2.8889E-16,4.89008E-16,7.44382E-16,1.17662E-15,1.82344E-15,2.7761E-15,1.52478E-14,8.22939E-13,1.8328E-11,1.92417E-09,7.37566E-08,8.93034E-07,5.14418E-06,1.82066E-05,4.63611E-05,9.3925E-05,0.00016169,0.000247216,0.000346084,0.000453213,0.000563776,0.000673681,0.000779737,0.000879616,0.000971738,0.001055129,0.00112928,0.00119403,0.001249476,0.001295895
1.45,5.04118E-16,8.53327E-16,1.29896E-15,2.05323E-15,3.18193E-15,4.84433E-15,2.66076E-14,1.43604E-12,3.19825E-11,3.3577E-09,1.28706E-07,1.55836E-06,8.97666E-06,3.17707E-05,8.09007E-05,0.0001639,0.000282152,0.000431396,0.000603921,0.000790863,0.000983797,0.001175583,0.001360652,0.001534941,0.001695696,0.001841215,0.001970609,0.0020836,0.002180353,0.002261355
1.465,8.70047E-16,1.47274E-15,2.24184E-15,3.54362E-15,5.49164E-15,8.36073E-15,4.59215E-14,2.47844E-12,5.51981E-11,5.795E-09,2.22132E-07,2.68954E-06,1.54926E-05,5.48325E-05,0.000139625,0.000282873,0.00048696,0.000744537,0.001042295,0.001364936,0.001697917,0.002028916,0.002348323,0.002649126,0.00292657,0.003177718,0.003401036,0.003596044,0.003763029,0.003902828
1.48,1.48513E-15,2.5139E-15,3.82673E-15,6.04882E-15,9.37399E-15,1.42714E-14,7.8386E-14,4.23058E-12,9.42207E-11,9.89181E-09,3.79169E-07,4.59092E-06,2.64453E-05,9.35968E-05,0.000238334,0.000482852,0.00083122,0.001270893,0.001779154,0.002329887,0.002898271,0.003463273,0.004008487,0.004521945,0.00499553,0.005424229,0.005805423,0.006138295,0.006423329,0.006661962
1.495,2.50726E-15,4.24408E-15,6.46045E-15,1.02119E-14,1.58256E-14,2.40936E-14,1.32335E-13,7.14225E-12,1.59067E-10,1.66998E-08,6.40129E-07,7.75059E-06,4.4646E-05,0.000158014,0.000402365,0.00081517,0.001403301,0.002145575,0.003003642,0.003933412,0.004892982,0.005846841,0.006767295,0.007634135,0.008433662,0.009157409,0.009800956,0.010362924,0.010844132,0.011247001
1.51,4.18646E-15,7.08647E-15,1.07872E-14,1.70511E-14,2.64244E-14,4.02298E-14,2.20963E-13,1.19256E-11,2.656E-10,2.78841E-08,1.06884E-06,1.29414E-05,7.45469E-05,0.000263841,0.000671842,0.001361115,0.002343135,0.003582533,0.005015273,0.00656774,0.008169964,0.009762651,0.011299561,0.012746951,0.014081946,0.01529041,0.01636496,0.017303295,0.018106783,0.018779466
1.525,6.91361E-15,1.17028E-14,1.78143E-14,2.81585E-14,4.36379E-14,6.64365E-14,3.64903E-13,1.96943E-11,4.38618E-10,4.60485E-08,1.76511E-06,2.13717E-05,0.000123108,0.000435713,0.001109495,0.002247777,0.003869507,0.005916279,0.008282339,0.010846118,0.013492069,0.01612227,0.018660358,0.021050612,0.023255253,0.025250938,0.027025475,0.028575065,0.029901962,0.031012847
1.54,1.12921E-14,1.91143E-14,2.90963E-14,4.59918E-14,7.12745E-14,1.08512E-13,5.96003E-13,3.2167E-11,7.16401E-10,7.52117E-08,2.88299E-06,3.49068E-05,0.000201075,0.000711657,0.001812156,0.00367133,0.006320129,0.009663154,0.01352768,0.017715142,0.022036816,0.026332766,0.030478268,0.034382308,0.037983185,0.041242769,0.04414115,0.046672119,0.048839362,0.050653789
1.555,1.82414E-14,3.08774E-14,4.70024E-14,7.42955E-14,1.15137E-13,1.75291E-13,9.62788E-13,5.19628E-11,1.15728E-09,1.21498E-07,4.6572E-06,5.63887E-05,0.000324818,0.001149616,0.002927372,0.005930696,0.010209586,0.015609936,0.021852721,0.02861718,0.035598447,0.042538158,0.049234835,0.055541452,0.061358337,0.066623896,0.071305963,0.075394511,0.078895492,0.081826532
1.57,2.91442E-14,4.93327E-14,7.50956E-14,1.18702E-13,1.83955E-13,2.80061E-13,1.53824E-12,8.30207E-11,1.84898E-09,1.94116E-07,7.4408E-06,9.0092E-05,0.000518961,0.001836737,0.00467705,0.009475449,0.016311814,0.02493993,0.034914001,0.04572155,0.056875491,0.067963039,0.078662292,0.088738348,0.098031961,0.106444722,0.113925242,0.120457497,0.126051001,0.130733911
1.585,4.6053E-14,7.79544E-14,1.18664E-13,1.8757E-13,2.90681E-13,4.42547E-13,2.4307E-12,1.31187E-10,2.92172E-09,3.06738E-07,1.17578E-05,0.000142361,0.00082005,0.002902371,0.007390572,0.014972895,0.025775569,0.039409528,0.055170336,0.072248188,0.089873399,0.1073937,0.124300423,0.140222385,0.154907948,0.168201609,0.180022161,0.190344287,0.199183019,0.20658285
1.6,7.1974E-14,1.21831E-13,1.85455E-13,2.93144E-13,4.54291E-13,6.91635E-13,3.79882E-12,2.05027E-10,4.56622E-09,4.79387E-07,1.83757E-05,0.00022249,0.001281617,0.004535978,0.011550371,0.023400423,0.040283406,0.061591269,0.086223083,0.112913241,0.140458842,0.167840482,0.194263192,0.219146867,0.24209823,0.262874258,0.281348034,0.297479992,0.311293624,0.322858466
1.615,1.11251E-13,1.88317E-13,2.86661E-13,4.53117E-13,7.02206E-13,1.06907E-12,5.8719E-12,3.16913E-10,7.05808E-09,7.40996E-07,2.84036E-05,0.000343906,0.001981016,0.007011335,0.017853598,0.036170417,0.062266721,0.095202635,0.133276434,0.17453185,0.217109537,0.259433788,0.300275804,0.338738909,0.374215208,0.406329055,0.434884273,0.459819705,0.481171664,0.499047629
1.63,1.70078E-13,2.87892E-13,4.38238E-13,6.92711E-13,1.07351E-12,1.63436E-12,8.97677E-12,4.84487E-10,1.07902E-08,1.13281E-06,4.34225E-05,0.000525753,0.003028516,0.010718708,0.027294018,0.055296194,0.095191401,0.145542789,0.203748813,0.266818792,0.331910218,0.396614199,0.459052186,0.517853369,0.572088417,0.621183055,0.664837372,0.702957875,0.735600076,0.762928289
1.645,2.57158E-13,4.35295E-13,6.62618E-13,1.04738E-12,1.62315E-12,2.47117E-12,1.35729E-11,7.32547E-10,1.63148E-08,1.71282E-06,6.56551E-05,0.000794942,0.004579135,0.016206755,0.04126873,0.083608199,0.143930007,0.220061626,0.308069506,0.403431717,0.501850368,0.599683201,0.694089836,0.782997599,0.865001338,0.939232744,1.005238351,1.062876794,1.112232011,1.153552443
1.66,3.84562E-13,6.50953E-13,9.90898E-13,1.56629E-12,2.42731E-12,3.69545E-12,2.02973E-11,1.09547E-09,2.43976E-08,2.56139E-06,9.81825E-05,0.001188778,0.006847767,0.024236036,0.061714417,0.125030047,0.215236972,0.329086332,0.460695786,0.603303113,0.750481128,0.896783091,1.037961423,1.170916588,1.293547282,1.40455501,1.503261646,1.589455793,1.663262969,1.725054703
1.675,5.68779E-13,9.6278E-13,1.46557E-12,2.31659E-12,3.59007E-12,5.46569E-12,3.00204E-11,1.62024E-09,3.60848E-08,3.78838E-06,0.000145215,0.001758241,0.010128063,0.035845861,0.091277569,0.184923382,0.318342268,0.48672906,0.681383592,0.892304325,1.109985248,1.326370465,1.535177669,1.73182255,1.913197212,2.077381141,2.223371369,2.350855228,2.460018369,2.551410291
1.69,8.32019E-13,1.40837E-12,2.14386E-12,3.38874E-12,5.2516E-12,7.9953E-12,4.39143E-11,2.37011E-09,5.27854E-08,5.5417E-06,0.000212423,0.00257198,0.01481548,0.052435855,0.133522175,0.270508653,0.465675769,0.711994455,0.996737979,1.30527594,1.623702809,1.940234298,2.245680559,2.533335594,2.798653127,3.038823803,3.252380463,3.438865735,3.598551189,3.732240642
1.705,1.20374E-12,2.03759E-12,3.10168E-12,4.90274E-12,7.59789E-12,1.15674E-11,6.35342E-11,3.42901E-09,7.63687E-08,8.0176E-06,0.000307328,0.003721079,0.021434678,0.075862927,0.193176653,0.391365375,0.673728437,1.030096353,1.442056395,1.888441652,2.349133943,2.807084045,3.248996306,3.665168651,4.049023639,4.396496763,4.705465373,4.975267753,5.206296805,5.399715472
1.72,1.72245E-12,2.91562E-12,4.43823E-12,7.0154E-12,1.08719E-11,1.65519E-11,9.09118E-11,4.90662E-09,1.09277E-07,1.14725E-05,0.000439759,0.005324539,0.030671153,0.108553226,0.276418928,0.56000969,0.964046584,1.473977965,2.063456825,2.702195164,3.361405618,4.01669224,4.649030112,5.24453641,5.793799392,6.291003101,6.733110212,7.119173868,7.449756274,7.726521503
1.735,2.43766E-12,4.12625E-12,6.28109E-12,9.92835E-12,1.53862E-11,2.34247E-11,1.28661E-10,6.94396E-09,1.54651E-07,1.62361E-05,0.000622358,0.007535413,0.043406538,0.153627081,0.391194574,0.792538898,1.364341423,2.086008318,2.92025268,3.824210216,4.757140371,5.684517426,6.579416869,7.422191403,8.199521307,8.903175701,9.528856094,10.07522247,10.54307047,10.93475514
1.75,3.412E-12,5.77554E-12,8.79168E-12,1.38968E-11,2.15362E-11,3.27877E-11,1.80087E-10,9.7195E-09,2.16466E-07,2.27258E-05,0.000871118,0.010547366,0.060756409,0.215032808,0.547557549,1.109321767,1.909677421,2.919799193,4.087496364,5.352771512,6.658599821,7.956655419,9.209251897,10.3888888,11.47692245,12.46183201,13.33760086,14.10235337,14.75720321,15.30544675
1.765,4.72344E-12,7.99542E-12,1.21708E-11,1.92381E-11,2.98138E-11,4.539E-11,2.49305E-10,1.34553E-08,2.99667E-07,3.14607E-05,0.001205941,0.014601345,0.084108705,0.297682688,0.758016436,1.535700007,2.643679874,4.042051436,5.658563983,7.410159518,9.217895201,11.01487066,12.74891436,14.38195579,15.88818538,17.25165418,18.46403301,19.52272534,20.42927287,21.18823896
1.78,6.46724E-12,1.09472E-11,1.66641E-11,2.63405E-11,4.08205E-11,6.2147E-11,3.41344E-10,1.84227E-08,4.10299E-07,4.30754E-05,0.001651151,0.019991879,0.115160012,0.407581378,1.037861442,2.102650744,3.619675345,5.534298639,7.747596349,10.14584707,12.6209638,15.08134784,17.45556693,19.69149567,21.75379609,23.6206312,25.28059685,26.7301379,27.97136524,29.01052693
1.795,8.75773E-12,1.48243E-11,2.2566E-11,3.56695E-11,5.52778E-11,8.41576E-11,4.62237E-10,2.49475E-08,5.55613E-07,5.83313E-05,0.002235936,0.02707237,0.155946043,0.551933801,1.405439113,2.847343082,4.901649779,7.494372041,10.49154974,13.73918496,17.09090969,20.42268388,23.63777622,26.66560015,29.4583021,31.98631111,34.23418405,36.19710665,37.87793744,39.28513731
1.81,1.17294E-11,1.98545E-11,3.02231E-11,4.77728E-11,7.40347E-11,1.12714E-10,6.19083E-10,3.34127E-08,7.44144E-07,7.81244E-05,0.002994635,0.036258584,0.208861754,0.739216332,1.882333612,3.813505358,6.564880717,10.03736715,14.05154911,18.40117399,22.8902081,27.35252204,31.65856157,35.71378865,39.45411201,42.83992665,45.85054927,48.47953203,50.7307034,52.61539522
1.825,1.55372E-11,2.63E-11,4.00346E-11,6.32816E-11,9.8069E-11,1.49305E-10,8.2006E-10,4.42596E-08,9.8572E-07,0.000103486,0.003966801,0.048029415,0.276665741,0.979192365,2.493406356,5.05150545,8.696075554,13.29585516,18.613184,24.37485252,30.32118749,36.23212797,41.93606178,47.30776046,52.26232642,56.74729747,60.73527575,64.21772025,67.19970227,69.6962324
1.84,2.03555E-11,3.4456E-11,5.24498E-11,8.2906E-11,1.28481E-10,1.95606E-10,1.07437E-09,5.7985E-08,1.2914E-06,0.000135579,0.005196953,0.062923905,0.362463061,1.282851501,3.266641164,6.618037049,11.39283146,17.41905713,24.38535255,31.93378264,39.72414643,47.46813947,54.94093064,61.97845663,68.4694921,74.34530573,79.57000326,84.132395,88.03912492,91.30985857
1.855,2.63755E-11,4.46462E-11,6.79617E-11,1.07425E-10,1.66479E-10,2.53456E-10,1.39211E-09,7.51339E-08,1.67333E-06,0.000175676,0.006733937,0.081533473,0.469660488,1.662251211,4.232741069,8.575302828,14.76222921,22.57069412,31.59725175,41.37810874,51.47245063,61.50670776,71.18955582,80.30841025,88.71915116,96.33272008,103.1026072,109.0143134,114.0764476,118.3144915
1.87,3.38013E-11,5.72159E-11,8.70956E-11,1.3767E-10,2.1335E-10,3.24814E-10,1.78405E-09,9.62871E-08,2.14444E-06,0.000225135,0.00862981,0.104488409,0.601888714,2.130241461,5.424427099,10.98959381,18.9183876,28.92524792,40.49314282,53.02770254,65.96400572,78.82330785,91.23226521,102.9184422,113.6971433,123.4542366,132.1301179,139.706206,146.1935337,151.6247566
1.885,4.28428E-11,7.25206E-11,1.10393E-10,1.74495E-10,2.70419E-10,4.11698E-10,2.26126E-09,1.22043E-07,2.71806E-06,0.000285357,0.010938186,0.132437872,0.762887112,2.700056868,6.875399768,13.9291854,23.97884152,36.66242338,51.32459884,67.21201099,83.6086284,99.90764788,115.6358605,130.4479571,144.1098384,156.4768434,167.4734244,177.0760301,185.2986443,192.1826577
1.9,5.37075E-11,9.09113E-11,1.38388E-10,2.18746E-10,3.38995E-10,5.16102E-10,2.8347E-09,1.52992E-07,3.40733E-06,0.00035772,0.013712015,0.166022968,0.956348674,3.384767894,8.618941575,17.46150612,30.05966795,45.95969627,64.34007238,84.25639459,104.8110521,125.2433617,144.9601127,163.5284287,180.6548447,196.158015,209.9432337,221.980977,232.2887749,240.9185144
1.915,6.65894E-11,1.12717E-10,1.7158E-10,2.71212E-10,4.20303E-10,6.39889E-10,3.51459E-09,1.89686E-07,4.22457E-06,0.000443518,0.017000792,0.205842979,1.185725459,4.196592284,10.68616367,21.64958548,37.26937106,56.98296391,79.77180704,104.4649874,129.9496055,155.282531,179.7282737,202.7501334,223.9842586,243.2058085,260.2973622,275.2223149,288.002401,298.7019525
1.93,8.16569E-11,1.38221E-10,2.10404E-10,3.32578E-10,5.15403E-10,7.84671E-10,4.30978E-09,2.32603E-07,5.18039E-06,0.000543865,0.020847258,0.2524154,1.453998415,5.146080387,13.10393137,26.54785113,45.70164707,69.87548304,97.82035134,128.1004173,159.3509855,190.4155403,220.3921853,248.6227907,274.6611827,298.23165,319.1902048,337.4919604,353.1635687,366.2839168
1.945,9.90395E-11,1.67645E-10,2.55191E-10,4.03369E-10,6.25103E-10,9.51677E-10,5.22696E-09,2.82103E-07,6.28281E-06,0.000659604,0.025283701,0.306131161,1.763419442,6.241202268,15.89253957,32.19741944,55.42727705,84.74547431,118.6372059,155.3610816,193.2619892,230.9372984,267.293183,301.5314586,333.1110025,361.69743,387.1161118,409.3126089,428.319245,444.2316949
1.96,1.18818E-10,2.01122E-10,3.06144E-10,4.83898E-10,7.49884E-10,1.14162E-09,6.26987E-09,3.38385E-07,7.53629E-06,0.000791201,0.030328032,0.367207154,2.115237901,7.486379741,19.06324794,38.62110187,66.48553054,101.6529788,142.3064238,186.3570517,231.8195403,277.0114215,320.6206407,361.6897683,399.5697229,433.8594065,464.34935,490.9742532,513.7728887,532.8600193
1.975,1.41027E-10,2.38708E-10,3.63338E-10,5.74263E-10,8.89863E-10,1.35464E-09,7.4386E-09,4.01446E-07,8.94073E-06,0.000938647,0.035979882,0.435638879,2.509427876,8.881521079,22.61582291,45.81842522,78.87559292,120.5967511,168.8262613,221.0860443,275.0207984,328.6345155,380.3706301,429.0932884,474.0324481,514.7122638,550.8842301,582.4708778,609.5182049,632.1623612
1.99,1.65698E-10,2.80446E-10,4.268E-10,6.74444E-10,1.04491E-09,1.59039E-09,8.72907E-09,4.71038E-07,1.04906E-05,0.001101361,0.042216977,0.511156672,2.944436004,10.42112853,26.53626505,53.76102744,92.54863944,141.5021405,198.0922134,259.4112049,322.695523,385.6031524,446.3076979,503.4764059,556.2057475,603.9373899,646.3797494,683.4419274,715.1778958,741.7474058
2.005,1.93033E-10,3.2664E-10,4.96879E-10,7.84776E-10,1.21522E-09,1.84867E-09,1.01333E-08,5.46635E-07,1.21742E-05,0.001278112,0.048992143,0.593189341,3.416972035,12.09355704,30.7949215,62.38883342,107.4012519,164.211026,229.8829225,301.0426552,374.4831188,447.4864411,517.9331188,584.2765124,645.4680905,700.8599167,750.1136125,793.1236917,829.9527878,860.7862896
2.02,2.23962E-10,3.78747E-10,5.75427E-10,9.07518E-10,1.40324E-09,2.1317E-09,1.16413E-08,6.27417E-07,1.39731E-05,0.001466967,0.056231238,0.680839191,3.921864934,13.88050496,35.34518911,71.60742772,123.2708957,188.4749005,263.8504979,345.5248158,429.8168662,513.6071831,594.4630848,670.6093998,740.8426654,804.4192058,860.9506437,910.3159062,952.5868815,987.9763515
2.035,2.61855E-10,4.4211E-10,6.69448E-10,1.05167E-09,1.61973E-09,2.45108E-09,1.32488E-08,7.12263E-07,1.58619E-05,0.001665265,0.063832339,0.772872151,4.452006036,15.75681287,40.12300217,81.28701671,139.9341337,213.9521398,299.5166914,392.2313979,487.9176908,583.0344282,674.8200884,761.2595399,840.9866411,913.1571891,977.3303076,1033.368557,1081.353544,1121.526813
2.05,3.17573E-10,5.34023E-10,8.01868E-10,1.24721E-09,1.90149E-09,2.84857E-09,1.49798E-08,7.99784E-07,1.78087E-05,0.001869642,0.07166643,0.867726126,4.998397141,17.69063379,45.04726582,91.26330661,157.1081369,240.2103131,336.276133,440.3696406,547.7994349,654.5897726,757.6402128,854.6883084,944.2002523,1025.228233,1097.277267,1160.193046,1214.067191,1259.170893
2.065,4.23995E-10,7.06928E-10,1.04249E-09,1.58607E-09,2.3625E-09,3.45561E-09,1.69515E-08,8.88417E-07,1.97755E-05,0.002076086,0.079579773,0.963539653,5.55031559,19.64401742,50.02134378,101.3405176,174.4558739,266.7341166,373.4074366,488.9948543,608.2869484,726.8689777,841.2981535,949.0622111,1048.457982,1138.432999,1218.437621,1288.300503,1348.123382,1398.207393
2.08,6.76739E-10,1.11344E-09,1.5948E-09,2.33693E-09,3.33728E-09,4.66042E-09,1.95567E-08,9.76649E-07,2.17192E-05,0.00228005,0.087398005,1.058201601,6.095600548,21.57392339,54.93563845,111.2966109,191.595109,292.9391313,410.0924601,537.0356429,668.0474643,798.2794611,923.9506117,1042.301837,1151.462641,1250.27716,1338.141752,1414.86824,1480.568355,1535.572818
2.095,1.34557E-09,2.18424E-09,3.03343E-09,4.2593E-09,5.77288E-09,7.56475E-09,2.39605E-08,1.06359E-06,2.3594E-05,0.002476598,0.094931918,1.149421033,6.621055442,23.43364559,59.67121779,120.8906367,208.1110514,318.1911632,445.4433805,583.3293598,725.6347038,867.0930005,1003.597295,1132.15067,1250.721389,1358.053948,1453.492672,1536.833161,1608.196779,1667.942753
2.11,3.17164E-09,5.10271E-09,6.93766E-09,9.44146E-09,1.22748E-08,1.52026E-08,3.34252E-08,1.15037E-06,2.53543E-05,0.002660598,0.101984673,1.234814641,7.112951594,25.17459461,64.10435422,129.8719296,223.5721852,341.8304467,478.536576,626.6664782,779.5440717,931.5116886,1078.157257,1216.261211,1343.64087,1458.947455,1561.47658,1651.00866,1727.674074,1791.858739
2.125,8.14111E-09,1.30402E-08,1.75403E-08,2.34812E-08,2.98288E-08,3.57116E-08,5.67563E-08,1.24377E-06,2.69598E-05,0.00282694,0.108360129,1.312007469,7.557608412,26.74835125,68.11175352,137.9907022,237.5485059,363.199527,508.4516599,665.8417079,828.2762428,989.7439151,1145.556839,1292.294179,1427.636809,1550.151634,1659.090232,1754.219292,1835.677344,1903.874428
2.14,2.14484E-08,3.4291E-08,4.59118E-08,6.10202E-08,7.67085E-08,9.03811E-08,1.17044E-07,1.36507E-06,2.83863E-05,0.002970781,0.113871785,1.37874121,7.942017197,28.10887429,71.5761767,145.0094348,249.6311275,381.6732379,534.3134474,699.7089526,870.4055264,1040.086059,1203.824221,1358.025181,1500.251854,1628.998249,1743.477879,1843.445565,1929.046883,2000.712731
2.155,5.63535E-08,9.00283E-08,1.20313E-07,1.59437E-07,1.99566E-07,2.33565E-07,2.73291E-07,1.57211E-06,2.96491E-05,0.003087791,0.118351817,1.432983307,8.254469505,29.21472436,74.39210289,150.7143478,259.4520322,396.6888994,555.334229,727.2366691,904.6487307,1081.004779,1251.184673,1411.452156,1559.274262,1693.085755,1812.069205,1915.969786,2004.938803,2079.424105
2.17,1.45898E-07,2.33012E-07,3.11166E-07,4.11869E-07,5.14649E-07,6.00706E-07,6.72571E-07,2.01206E-06,3.08549E-05,0.003174431,0.121659585,1.473029565,8.485148047,30.03115523,76.47105443,154.9261901,266.7026426,407.7747119,570.8535217,747.5599232,929.9299173,1111.214387,1286.150104,1450.8964,1602.849522,1740.400492,1862.709037,1969.513209,2060.968542,2137.535399
2.185,3.70441E-07,5.91557E-07,7.89741E-07,1.04484E-06,1.30469E-06,1.52122E-06,1.67263E-06,3.04549E-06,3.23217E-05,0.003228246,0.123689078,1.497593112,8.626638648,30.5319255,77.74621005,157.5095851,271.1499101,414.5743563,580.3725055,760.0254864,945.4365004,1129.743888,1307.596659,1475.090099,1629.57704,1769.421673,1893.769713,2002.354844,2095.335195,2173.178805
2.2,9.20728E-07,1.47024E-06,1.96258E-06,2.59605E-06,3.24079E-06,3.77703E-06,4.12265E-06,5.53034E-06,3.4851E-05,0.003248267,0.124374821,1.505873309,8.674326146,30.70069926,78.17597114,158.3802559,272.6487528,416.8660094,583.5806444,764.226697,950.6626114,1135.988799,1314.824691,1483.243988,1638.584889,1779.202544,1904.237946,2013.423306,2106.917626,2185.191534
2.215,2.23859E-06,3.57457E-06,4.77135E-06,6.31098E-06,7.87746E-06,9.17934E-06,9.98969E-06,1.14554E-05,4.03316E-05,0.003235661,0.123695976,1.49759965,8.626644916,30.53193151,77.74621574,157.5095905,271.1499151,414.5743609,580.3725097,760.0254903,945.4365039,1129.743892,1307.596662,1475.090102,1629.577043,1769.421675,1893.769715,2002.354846,2095.335197,2173.178807
2.23,5.32264E-06,8.4991E-06,1.13444E-05,1.50046E-05,1.87282E-05,2.18218E-05,2.37196E-05,2.53163E-05,5.30508E-05,0.003194977,0.121678698,1.473047681,8.485165417,30.03117187,76.47107022,154.9262049,266.7026563,407.7747246,570.8535334,747.5599339,929.9299271,1111.214396,1286.150113,1450.896407,1602.849529,1740.400498,1862.709043,1969.513214,2060.968547,2137.535404
2.245,1.23749E-05,1.97599E-05,2.63749E-05,3.48841E-05,4.35402E-05,5.07309E-05,5.51157E-05,5.70266E-05,8.24663E-05,0.003136681,0.118397298,1.433026414,8.254510837,29.21476395,74.39214046,150.7143831,259.452065,396.6889296,555.3342568,727.2366945,904.6487539,1081.0048,1251.184692,1411.452173,1559.274279,1693.08577,1812.069219,1915.969799,2004.938815,2079.424116
2.26,2.81317E-05,4.49199E-05,5.99576E-05,7.9301E-05,9.89779E-05,0.000115323,0.000125265,0.000127909,0.000148913,0.003082344,0.113975571,1.37883958,7.942111514,28.10896462,71.57626242,145.0095153,249.6312023,381.6733069,534.3135107,699.7090106,870.4055795,1040.086108,1203.824266,1358.025222,1500.251891,1628.998283,1743.477911,1843.445594,1929.046911,2000.712757
2.275,6.25294E-05,9.98453E-05,0.00013327,0.000176265,0.000220001,0.00025633,0.000278403,0.000282697,0.000295028,0.003075074,0.108590964,1.312226258,7.557818188,26.74855216,68.11194419,137.9908812,237.5486723,363.1996804,508.4518008,665.8418369,828.2763609,989.7440232,1145.556938,1292.29427,1427.636893,1550.151711,1659.090304,1754.219358,1835.677405,1903.874486
2.29,0.000135895,0.000216994,0.000289635,0.000383076,0.000478125,0.000557078,0.000605029,0.000612897,0.000608008,0.003199924,0.102486402,1.235290185,7.113407549,25.17503128,64.10476866,129.8723186,223.5725467,341.8307803,478.5368822,626.6667587,779.5443283,931.5119234,1078.157473,1216.261408,1343.641051,1458.947623,1561.476735,1651.008803,1727.674207,1791.858863
2.305,0.00028877,0.000461101,0.00061546,0.000814016,0.001015991,0.00118376,0.001285633,0.00130102,0.001261728,0.003622661,0.095998086,1.150431559,6.622024342,23.43457351,59.67209847,120.8914633,208.1118196,318.1918719,445.4440312,583.3299557,725.635249,867.0934995,1003.597753,1132.15109,1250.721775,1358.054304,1453.493001,1536.833466,1608.197062,1667.943017
2.32,0.00059997,0.000958017,0.001278725,0.001691259,0.002110898,0.002459466,0.002671106,0.002701872,0.002594168,0.004661204,0.089613164,1.060301153,6.097613613,21.57585132,54.93746822,111.2983283,191.5967051,292.9406038,410.0938121,537.036881,668.048597,798.2804978,923.9515616,1042.302709,1151.463444,1250.277899,1338.142436,1414.868873,1480.568944,1535.573366
2.335,0.00121881,0.001946164,0.002597664,0.003435708,0.004288182,0.004996279,0.005426198,0.005487627,0.00524558,0.006913285,0.084079761,0.967804791,5.554405033,19.64793391,50.02506087,101.3440064,174.4591163,266.737108,373.4101831,488.9973694,608.2892496,726.8710837,841.3000832,949.0639825,1048.459612,1138.434502,1218.43901,1288.30179,1348.124578,1398.208507
2.35,0.002420864,0.003865573,0.005159618,0.006824184,0.008517413,0.009923871,0.010777785,0.010898852,0.010397581,0.011477545,0.080604547,0.876197769,5.006519811,17.69841293,45.05464889,91.27023623,157.1145771,240.2162547,336.2815882,440.3746363,547.8040056,654.5939557,757.6440457,854.6918267,944.2034889,1025.231218,1097.280026,1160.195603,1214.069567,1259.173105
2.365,0.004701466,0.00750718,0.010020295,0.013252984,0.016541338,0.019272765,0.020931106,0.021165401,0.020174019,0.020324406,0.081190715,0.789324606,4.467780764,15.77192045,40.13734055,81.30047446,139.946641,213.9636787,299.5272858,392.2410999,487.9265673,583.0425519,674.8275322,761.2663728,840.9929267,913.1629851,977.3356655,1033.373523,1081.358158,1121.53111
2.38,0.00892742,0.014255077,0.019027136,0.025165578,0.03140974,0.036596407,0.039745475,0.040189848,0.038292175,0.036898984,0.089193463,0.712081293,3.951820144,13.90919331,35.3724168,71.63298312,123.2946463,188.4968121,263.8706159,345.5432391,429.8337219,513.6226095,594.4772199,670.6223748,740.8546012,804.4302119,860.9608179,910.3253354,952.5956423,987.9845115
2.395,0.016579194,0.026473665,0.035337469,0.046740859,0.058343865,0.067988166,0.073856648,0.074712585,0.071214835,0.067233875,0.11039012,0.651408047,3.472803507,12.14702945,30.84566958,62.4364616,107.4455134,164.2518578,229.9204102,301.0769834,374.514525,447.5151831,517.9594544,584.300686,645.4903277,700.8804214,750.1325672,793.1412582,829.9691089,860.8014913
2.41,0.030467106,0.048685465,0.065103801,0.08635933,0.108252702,0.12697393,0.139435823,0.143590931,0.140419321,0.135068151,0.170192126,0.634542655,3.063654892,10.5354872,26.64464889,53.86250113,92.6426966,141.5887032,198.1715235,259.483705,322.7617568,385.6636956,446.3631171,503.5272337,556.2524714,603.9804484,646.4195329,683.4787814,715.2121242,741.7792763
2.425,0.069420538,0.112385582,0.155090583,0.215775379,0.288988286,0.372435256,0.469382852,0.584390467,0.710672184,0.8276911,0.946503924,1.38692128,3.460199648,9.799763448,23.48087775,46.61964507,79.60966019,121.2650402,169.4327774,221.6360296,275.5198604,329.0881323,380.7839011,429.4708231,474.3783428,515.0301214,551.1772004,582.7417069,609.7692828,632.3957706
2.44,0.43524596,0.727855,1.08021841,1.656498483,2.488299242,3.663303571,5.366598213,7.774185086,10.69956079,13.51783818,15.62941645,17.04024625,18.92864286,23.75298415,34.36400132,52.75315809,79.39351294,113.3703051,152.9134024,195.9541997,240.511829,284.8997755,327.7978826,368.2390682,405.5644766,439.3638059,469.4192624,495.6581991,518.1129801,536.8928486
2.455,3.866781907,6.530263551,9.893469816,15.55184211,23.96711648,36.19904488,54.34476607,80.37342308,112.2321554,143.012058,165.8163517,177.8896175,180.9888637,179.6656748,178.9966931,182.8047829,192.9507634,209.5501923,231.5884654,257.5379818,285.7891559,314.8945062,343.6724674,371.2210044,396.8941173,420.2588445,441.0515156,459.1391744,474.4857233,487.127917
2.47,20.59839944,34.84214012,52.95954589,83.56819099,129.2844525,195.9967712,295.2687367,437.9411589,612.7355808,781.6752788,906.7516349,971.7510769,982.0413787,954.0149121,905.4899105,850.5327128,798.0756068,752.6425563,715.7215396,687.0452434,665.4966472,649.6726069,638.190193,629.8223881,623.5487144,618.5537874,614.2062319,610.0314275,605.6815985,600.9132047
2.485,56.87596837,96.23406557,146.3633982,231.1197947,357.8082867,542.8132009,818.2657465,1214.280309,1699.538368,2168.575391,2515.805295,2695.834529,2722.086226,2637.095588,2486.849534,2308.001795,2124.905182,1951.466266,1794.261119,1655.36061,1534.338373,1429.56632,1338.97371,1260.444965,1192.022425,1131.983616,1078.85862,1031.418348,988.645546,949.709856
2.5,80.00919101,135.3681676,205.8601367,325.0282236,503.1280254,763.1758941,1150.320209,1706.87761,2388.836463,3047.990217,3535.951437,3788.834311,3825.130288,3703.871711,3488.819212,3230.889372,2964.198691,2708.629003,2474.032857,2264.022269,2078.664715,1916.236975,1774.269296,1650.109807,1541.225038,1445.328791,1360.42548,1284.809584,1217.038367,1155.906253
2.515,57.49369062,97.22042853,147.6799574,232.8610946,359.981641,545.3454353,821.0158676,1217.061122,1702.186932,2171.026844,2518.079936,2697.922799,2723.736018,2637.584026,2484.922681,2302.049599,2113.257981,1932.661812,1767.205904,1619.382363,1489.163666,1375.258806,1275.859325,1189.040548,1112.973864,1046.016181,986.7386517,933.9244834,886.5479603,843.7551635
2.53,21.91583557,36.94578815,55.76741416,87.2819173,133.9196351,201.3973489,301.1340086,443.8718882,618.3842591,786.9035907,911.6035534,976.2134375,985.6096568,955.2325276,901.8283345,838.7456261,774.7972013,714.9258064,661.3631618,614.6912665,574.5970901,540.3568646,511.1162182,486.0327897,464.346076,445.4005748,428.6475806,413.6371651,400.0044139,387.4582363
2.545,6.049451514,10.01549407,14.54542112,21.70457874,31.64648092,45.14648189,64.06208765,90.19919315,121.5906539,151.6742511,173.8568953,185.3041764,187.0206364,182.1037838,173.9981345,165.4361723,158.0988025,152.739405,149.4742599,148.0664204,148.1276431,149.2422192,151.0311354,153.1762677,155.4261501,157.5903493,159.5304843,161.1508715,162.3891832,163.209797
2.56,3.734396885,5.995854093,8.111740466,10.95648907,14.09581984,17.18754254,20.05453475,22.626101,24.84596033,26.61597514,27.80358306,28.3278366,28.33689032,28.29780258,28.83248514,30.44601561,33.36596535,37.54437511,42.74764373,48.66020134,54.9595528,61.35974952,67.62974972,73.59464217,79.13064168,84.15621456,88.62326377,92.50945096,95.8113352,98.53980108
2.575,4.823238271,7.703159153,10.28696259,13.61633299,17.01451634,19.85980536,21.63356889,21.98609772,21.11256174,19.80904049,18.87883461,18.68070982,19.22461149,20.46176112,22.40965341,25.10561534,28.53149417,32.58808785,37.11427201,41.92248365,46.82895339,51.67265509,56.32369145,60.68403801,64.68478462,68.28147667,71.44932496,74.17889822,76.47233145,78.34048772
2.59,6.66204713,10.63782189,14.19907648,18.78015519,23.44039258,27.31189877,29.66372225,30.01238582,28.7926196,27.75959235,29.29175112,35.21597707,45.77157694,59.42638266,73.80825604,86.86563758,97.44126519,105.2264351,110.4576368,113.6039437,115.174235,115.6152948,115.2743655,114.4079173,113.1926906,111.7462349,110.143953,108.4316856,106.6384748,104.7793847
2.605,9.026123748,14.41268495,19.23750734,25.44382298,31.75703243,37.00106456,40.18615518,40.72079423,39.95398505,43.31663398,60.15532138,99.59468885,163.4979844,243.3348228,324.9211563,395.6694547,448.5204696,481.8756586,497.7261097,499.6181786,491.3561595,476.2967762,457.0786325,435.667951,413.4319068,391.2802043,369.7866706,349.2822682,329.9482213,311.8436606
2.62,11.95771391,19.0937777,25.48566663,33.70776293,42.07150227,49.01885719,53.24049097,54.08482025,54.9103003,69.22404125,122.0750619,239.326478,426.7195507,659.7832986,897.2471543,1102.293779,1254.240176,1348.446379,1390.858626,1392.026489,1363.27154,1314.595211,1253.87121,1186.974867,1117.99728,1049.663255,983.6915605,921.0714191,862.3394818,807.6634501
2.635,15.48896131,24.73238651,33.01187761,43.6620641,54.49573386,63.49476339,68.96376541,70.10129828,71.76407491,93.48259033,171.7854359,344.6086703,620.4253578,963.2557488,1312.352443,1613.503588,1836.260556,1973.817057,2034.972282,2035.312395,1991.560489,1918.490174,1827.733591,1727.971389,1625.248589,1523.591228,1425.538137,1332.549291,1245.414758,1164.378637
2.65,19.61655969,31.32322589,41.80906519,55.29732651,69.01791665,80.41487885,87.33835175,88.58698356,88.09439513,101.6880784,157.7540695,284.8765072,489.0767332,743.18888,1001.785848,1224.484933,1388.686093,1489.411418,1533.286396,1531.966136,1497.929908,1442.189148,1373.406084,1298.038608,1220.579061,1144.015076,1070.226682,1000.291103,934.787245,873.8886666
2.665,24.29135713,38.78781598,51.77249281,68.47505624,85.46525273,99.57798098,108.1477602,109.4579734,105.6549671,105.3923017,121.8536202,166.5237992,241.0845531,334.5342418,429.3680615,510.3459244,569.1009321,603.9328435,617.4726242,614.19441,598.8374564,575.5571266,547.6062502,517.3967261,486.5965034,456.3061981,427.2105356,399.6942819,373.9565581,350.0469905
2.68,29.41101697,46.96275388,62.68407518,82.90684961,103.4778512,120.5648834,130.9392192,132.4202374,126.3904006,118.4411198,114.7288695,118.4846164,129.1628544,143.5404099,157.710129,168.7324171,175.2332928,177.1504337,175.1880293,170.325491,163.5256354,155.593941,147.1374612,138.5868807,130.2254099,122.2269447,114.6877325,107.6501797,101.1241218,95.09544501
2.695,34.81746437,55.59562901,74.20690199,98.14709917,122.4995304,142.7275464,155.0086043,156.7404375,149.3121816,138.3489838,129.1438208,123.3484019,119.786244,116.6851376,112.9241602,108.170756,102.5783203,96.4841758,90.22607386,84.07086912,78.19657501,72.70527684,67.64429222,63.02167357,58.82262965,55.01925399,51.57742592,48.46151371,45.63591955,43.06827309
2.71,40.30071021,64.35113445,85.89341284,113.6038434,141.7914283,165.2050615,179.4201755,181.4226356,172.7959629,159.9532275,148.8242633,141.1056425,135.3788598,129.7850406,123.3616308,116.0266722,108.1317912,100.1119883,92.31667066,84.97518966,78.20682873,72.05263599,66.50652249,61.53222442,57.08074514,53.09836631,49.53184927,46.33175655,43.45207296,40.85332426
2.725,45.6096397,72.82829611,97.20840131,128.5692072,160.4700244,186.9680033,203.055714,205.3218608,195.5573755,181.0153523,168.397088,159.6113219,153.0467033,146.6024522,139.1980659,130.7504295,121.665048,112.4393206,103.4719374,95.02465132,87.23399339,80.14754402,73.7592541,68.0286397,62.90057979,58.31439955,54.20978465,50.53057461,47.22434474,44.24598901
2.74,50.46949483,80.58838742,107.566272,142.2686735,177.5686263,206.8900509,224.6919593,227.1995689,216.3946117,200.3029042,186.3394951,176.6156761,169.3460652,162.2017214,153.9821033,144.5919536,134.479524,124.1973293,114.1902261,104.7520561,96.03787482,88.10369837,80.945457,74.52026638,68.76842811,63.62360107,59.01945831,54.89397968,51.18906903,47.85457586
2.755,54.60465257,87.19130062,116.3795859,153.9252872,192.1174995,223.8413399,243.1018265,245.814894,234.1246451,216.7144795,201.6069486,191.0859546,183.2183549,175.4814332,166.5728337,156.3871238,145.4088492,134.2371375,123.3557242,113.0853193,103.5963375,94.95163366,87.14855901,80.14199556,73.86822142,68.25599609,63.23383824,58.73473338,54.6957734,51.06254522
2.77,57.76419332,92.23637379,123.113555,162.8317301,203.2338246,236.7932736,257.1682126,260.0382639,247.6715926,229.2540372,213.2723272,202.142277,193.8179407,185.628734,176.1947271,165.4028631,153.7654453,141.9171293,130.3712001,119.4687178,109.3916615,100.2079672,91.91595895,84.46873,77.79942846,71.833036,66.494115,61.71182945,57.41959792,53.55976041
2.785,59.74700661,95.4024789,127.33955,168.4210909,210.2100274,244.9214378,265.9957669,268.9643355,256.1731659,237.1234092,220.5930951,209.0808114,200.4697825,191.9965493,182.2324087,171.0594568,159.0074047,146.7332396,134.7688547,123.4681544,113.020445,103.4969106,94.8965317,87.17131274,80.25246038,74.06259956,68.52381722,63.56288137,59.11090402,55.10818343
2.8,60.42295552,96.48181668,128.7802085,170.3265262,212.5882426,247.6923612,269.0051151,272.0072687,259.0713859,239.8061092,223.0887689,211.4461259,202.7370794,194.1661513,184.2875934,172.981562,160.7836503,148.3586205,136.2450036,124.8014206,114.219997,104.5732964,95.86073565,88.03410269,81.02404746,74.75245639,69.14060643,64.11445936,59.60433458,55.54981578
2.815,59.74700661,95.4024789,127.33955,168.4210909,210.2100274,244.9214378,265.9957669,268.9643355,256.1731659,237.1234088,220.5930784,209.0806099,200.4686216,191.9924403,182.2219457,171.0382592,158.9709135,146.6774465,134.6907486,123.3658708,112.8932089,103.3448705,94.72055632,86.97279621,80.03315312,73.82447211,68.26895511,63.29340595,58.82891537,54.81571865
2.83,57.76419332,92.23637379,123.113555,162.8317301,203.2338246,236.7932736,257.1682126,260.0382639,247.6715926,229.2540363,213.2722912,202.1418413,193.8154312,185.619852,176.1721101,165.3570424,153.6865657,141.7965265,130.2023653,119.2476206,109.1166267,99.87931603,91.53556906,84.03961498,77.325372,71.31829767,65.94320287,61.12932907,56.81004885,52.92756603
2.845,54.60465257,87.19130062,116.3795859,153.9252872,192.1174995,223.8413399,243.1018265,245.814894,234.1246451,216.7144779,201.6068875,191.0852159,183.2141003,175.4663756,166.5344917,156.3094455,145.2751279,134.0326849,123.0695064,112.7105038,103.1300846,94.39448768,86.50370311,79.41453857,73.06457762,67.3833865,62.29990516,57.74725045,53.66243627,49.99081874
2.86,50.46949483,80.58838742,107.566272,142.2686735,177.5686263,206.8900509,224.6919593,227.1995688,216.3946113,200.3028992,186.3393907,176.6144993,169.3393738,162.1781251,153.9221015,144.4704715,134.2704661,123.8777541,113.7429011,104.166311,95.30927681,87.23310004,79.93783294,73.38359902,67.512739,62.26017179,57.56022847,53.35109397,49.57455022,46.1800861
2.875,45.6096397,72.8282961,97.20840131,128.5692072,160.4700244,186.9680033,203.055714,205.3218584,195.5573418,181.0151477,168.3962255,159.6077629,153.0331321,146.5613121,139.0999644,130.5579176,121.3393286,111.9463868,102.786322,94.13066938,86.12524528,78.8254951,72.23150235,66.30725691,61.00066966,56.25293747,52.00472068,48.20015837,44.7866374,41.71850732
2.89,40.30071017,64.3511344,85.89341275,113.6038432,141.7914281,165.2050611,179.4201738,181.4225406,172.7946068,159.9451137,148.7950245,141.0295273,135.2201504,129.5015588,122.9085193,115.3604441,107.2144413,98.91426216,90.81976446,83.17091073,76.09657654,69.64578071,63.81861827,58.58328613,53.89376882,49.69811434,45.94389352,42.58174867,39.56519015,36.85387933
2.905,34.81746369,55.59562785,74.20690024,98.14709639,122.4995261,142.7275398,155.0085683,156.7384965,149.2844647,138.1832519,128.5502247,121.8412848,116.8223056,111.8817257,106.1856159,99.6643364,92.62640468,85.45520536,78.4616516,71.8530765,65.74083961,60.16730602,55.1325701,50.60916478,46.55734144,42.93222032,39.68850764,36.78356183,34.1772182,31.83462546
2.92,29.41100991,46.96274193,62.684057,82.90682086,103.4778067,120.5648156,130.9388466,132.4001517,126.1035816,116.7261644,108.588953,102.9217751,98.6821334,94.50869786,89.69701798,84.18825819,78.24302766,72.18518443,66.27737273,60.69474213,55.53137085,50.8230545,46.56987978,42.7486498,39.32579156,36.26339638,33.52320479,31.06919697,28.86744478,26.88850802
2.935,24.29132015,38.78775339,51.77239753,68.47490563,85.46501931,99.57762562,108.1458084,109.3527384,104.1522369,96.40718352,89.68644828,85.00577723,81.50414134,78.05717596,74.0830493,69.53316221,64.62275762,59.61932134,54.73978355,50.12881112,45.86411165,41.97525473,38.4623159,35.30613912,32.47899753,29.94958255,27.68629534,25.65938635,23.84083336,22.20632059
2.95,19.61646159,31.32305984,41.80881243,55.29692698,69.01729749,80.4139362,87.33317434,88.30783092,84.10816466,77.8536449,72.42631344,68.64643581,65.81868596,63.03507924,59.82575293,56.15145781,52.18601281,48.14542784,44.20488796,40.48122243,37.03718735,33.89666447,31.05971698,28.51087702,26.22775483,24.18506785,22.35729875,20.72042341,19.2518124,17.93182931
2.965,15.48882957,24.7321635,33.01153814,43.66152751,54.49490229,63.49349737,68.95681193,69.72638445,66.41039829,61.47193423,57.18660417,54.20207579,51.96933026,49.77143607,47.23739512,44.33621525,41.20514069,38.01473015,34.90330849,31.96312407,29.24372987,26.76398407,24.52393777,22.51137869,20.70862884,19.09572589,17.652522,16.36004818,15.20043657,14.15818249
2.98,11.95762429,19.09362601,25.48543572,33.70739795,42.07093665,49.01799605,53.23576232,53.82988462,51.26989024,47.45731695,44.14897356,41.84486972,40.12115356,38.4243414,36.46801546,34.22824841,31.81099483,29.34792928,26.94584168,24.67595027,22.57651174,20.66208574,18.93271238,17.37896406,15.98719342,14.74198942,13.62779771,12.62997395,11.73472385,10.93007749
2.995,9.026088361,14.41262506,19.23741616,25.44367885,31.75680907,37.00072463,40.18446164,40.63292868,38.70054355,35.82266224,33.32539362,31.5861647,30.28503502,29.00421256,27.52749717,25.83682706,24.01218087,22.15295204,20.3397503,18.62633457,17.04158306,15.5964864,14.29107522,13.11823346,12.06765972,11.12772125,10.28667705,9.53347303,8.857696696,8.250312651
3.01,6.661662586,10.63717097,14.19808563,18.77858898,23.43796542,27.30821293,29.65795525,29.98894426,28.56275639,26.43874946,24.59565195,23.31202208,22.35172912,21.40642329,20.31653871,19.06874471,17.72206912,16.34986892,15.01163804,13.74705327,12.57742832,11.51087503,10.54741619,9.68179995,8.906423507,8.212701418,7.59196833,7.036065823,6.537309004,6.089029322
3.025,4.807220656,7.676045936,10.24569012,13.55109474,16.91341614,19.70628257,21.4019148,21.64076467,20.61159219,19.0788562,17.7488314,16.82253228,16.12956097,15.44740448,14.66091593,13.76047544,12.78867891,11.79846267,10.83275911,9.920200163,9.076166469,8.306511854,7.611252863,6.986599704,6.427066053,5.926456472,5.478517844,5.077362855,4.717445893,4.39395476
3.04,3.391828278,5.415983897,7.22904646,9.561239151,11.93359058,13.90415195,15.10053834,15.26906352,14.54291081,13.46145904,12.52303411,11.86946569,11.3805262,10.89921718,10.3442944,9.708970301,9.023299245,8.324631515,7.64325898,6.999383529,6.403857353,5.860810798,5.370255587,4.929517795,4.534726463,4.181510297,3.865457293,3.582413548,3.328466242,3.100220033
3.055,2.339925499,3.736332676,4.987112779,6.596025937,8.232643462,9.592077497,10.41743031,10.53369102,10.032739,9.286676296,8.639283725,8.188405522,7.851100093,7.519058636,7.136233025,6.697940685,6.224915253,5.742923644,5.272863389,4.828671235,4.417833839,4.043200639,3.704779751,3.400726527,3.128370517,2.884696097,2.666659556,2.471395236,2.296203794,2.138742877
3.07,1.578332786,2.520241077,3.363920607,4.449168999,5.553104615,6.470073684,7.026792864,7.105213349,6.767309853,6.264073652,5.827392688,5.523265118,5.295744944,5.071775402,4.813550736,4.517912426,4.198845777,3.873731166,3.556664469,3.25704636,2.979926777,2.727227748,2.498954759,2.293863563,2.110152889,1.945788632,1.798717743,1.667007271,1.548836448,1.442625303
3.085,1.040934733,1.662137729,2.218557347,2.934295343,3.66235785,4.267113046,4.634277903,4.685997418,4.463144869,4.131252859,3.843255051,3.642678242,3.492625181,3.3449138,3.174610607,2.979632501,2.769203005,2.55478475,2.345674192,2.148071228,1.965306381,1.798647266,1.648097508,1.512836511,1.391676312,1.283275391,1.18627973,1.099414519,1.021478934,0.951430957
3.1,0.671238404,1.071816168,1.43061889,1.89215679,2.361642051,2.751613583,2.988376892,3.021727806,2.878023129,2.664005232,2.478292158,2.348951813,2.252191297,2.156940786,2.047122112,1.921391999,1.785698162,1.647432188,1.512588826,1.385166036,1.267311483,1.159842583,1.062761676,0.97553961,0.897410338,0.827508792,0.764961846,0.708947449,0.658691257,0.613521337
3.115,0.42321248,0.675774771,0.901998106,1.192995459,1.489003585,1.734878699,1.88415679,1.905184376,1.814579291,1.679642069,1.562550898,1.481002452,1.419995426,1.359940445,1.290700303,1.211428069,1.125873746,1.038697696,0.953679578,0.873340091,0.799033328,0.731274668,0.670065588,0.615072461,0.565812299,0.521739682,0.482304108,0.446987277,0.415300972,0.386821539
3.13,0.260896655,0.416593048,0.556052336,0.735442689,0.917922019,1.069495987,1.161521048,1.174483867,1.118628795,1.03544441,0.963261533,0.912989582,0.875380744,0.83835881,0.79567452,0.746805769,0.694064311,0.640323107,0.587912196,0.538385505,0.49257779,0.450806767,0.413073347,0.37917186,0.34880456,0.321635214,0.297324455,0.275552769,0.256019186,0.238462536
3.145,0.157255893,0.251102154,0.335161472,0.443289306,0.553279026,0.644640488,0.700108747,0.707922108,0.67425537,0.624115844,0.580607494,0.550305992,0.527637202,0.505322168,0.479594138,0.450138412,0.418348403,0.385955794,0.354365019,0.324512712,0.296902025,0.271724459,0.248980566,0.228546378,0.210242427,0.19386605,0.179212692,0.166089765,0.154315859,0.143733555
3.16,0.092677388,0.147984862,0.197524487,0.261248682,0.326070163,0.379913242,0.412602976,0.417207712,0.397366514,0.367817222,0.342175956,0.324318031,0.310958377,0.297807207,0.282644618,0.265285143,0.246549979,0.227459677,0.20884193,0.191248733,0.174976614,0.160138434,0.146734518,0.134691806,0.123904532,0.114253255,0.105617426,0.097883543,0.090944695,0.084708106
3.175,0.053403739,0.085273713,0.113820064,0.150540027,0.187892283,0.218918425,0.237755318,0.240408717,0.228975571,0.211948303,0.197172968,0.186882649,0.179184388,0.171606276,0.162869139,0.152866108,0.142070382,0.131070029,0.120341984,0.110204321,0.100827905,0.092277766,0.084554089,0.077614776,0.071398881,0.065837579,0.060861405,0.056404958,0.052406631,0.048812967
3.19,0.030095033,0.048054973,0.064141925,0.084835018,0.105884431,0.123368839,0.133984143,0.135479434,0.129036423,0.119440912,0.111114454,0.105315505,0.100977404,0.096707301,0.091784485,0.086148788,0.080066821,0.073869856,0.06782652,0.062115932,0.056834286,0.052018173,0.047667665,0.043759031,0.040257928,0.037125584,0.034322868,0.031812942,0.029561103,0.027537242
3.205,0.0166917,0.026652876,0.035575231,0.047052304,0.058727004,0.068424435,0.074312033,0.075141371,0.071567865,0.066245887,0.061627833,0.058412129,0.056008719,0.053647764,0.050932033,0.047829089,0.044485898,0.041084129,0.037770392,0.034641955,0.031750637,0.029115765,0.026736892,0.024600702,0.022688222,0.020978146,0.019449033,0.018080728,0.016854249,0.015753139
3.22,0.010461046,0.016703929,0.02229576,0.029488688,0.036805473,0.042883061,0.046572945,0.047092711,0.044853137,0.041517857,0.038624585,0.036616779,0.035144643,0.033760329,0.032247143,0.030596797,0.028889731,0.027213137,0.025628178,0.024168993,0.022848255,0.021665593,0.02061444,0.019684477,0.018864756,0.018144504,0.017513639,0.016963132,0.016484494,0.016070553
3.235,0.020660946,0.032990866,0.044034935,0.058241229,0.072692144,0.084695601,0.091983256,0.093009824,0.08858675,0.0820005,0.076294691,0.072396019,0.069790729,0.06790093,0.066584279,0.065931036,0.065996762,0.066717566,0.067942217,0.069500669,0.071242595,0.073056714,0.074874392,0.076657769,0.078393572,0.080083375,0.081736981,0.083368442,0.084991173,0.086618835
3.25,0.134322045,0.214481976,0.286282271,0.378640983,0.472590048,0.550627558,0.598006452,0.604680455,0.575925296,0.533108698,0.496032311,0.470831488,0.45455168,0.444103267,0.439182558,0.440608443,0.448517287,0.461979802,0.479420717,0.499217612,0.520011506,0.540838304,0.561130651,0.580604352,0.599191298,0.616951456,0.634013238,0.650537399,0.66667685,0.682580954
3.265,0.867018012,1.384431996,1.847886444,2.444040761,3.050460442,3.554174683,3.859994584,3.903073755,3.71746598,3.441095823,3.201785725,3.039194636,2.934448956,2.867947543,2.838048406,2.850156089,2.905035696,2.996425811,3.113855333,3.246587308,3.38565444,3.524710549,3.660031467,3.789763299,3.91347573,4.03158128,4.144941936,4.254630859,4.361668684,4.467050521
3.28,4.514212041,7.208177337,9.621197156,12.72513151,15.88251347,18.50514974,20.09743025,20.32172607,19.35534155,17.91639441,16.67040733,15.82389099,15.27865691,14.93278613,14.77785637,14.84205431,15.12931762,15.60694073,16.22028397,16.91333883,17.63933832,18.36519132,19.07148285,19.74855267,20.39416401,21.01047484,21.6019864,22.17430036,22.73274418,23.28251134
3.295,18.68859019,29.84145872,39.83122839,52.68134634,65.7527344,76.61030471,83.20225865,84.13083104,80.13005216,74.17289013,69.01457341,65.51005356,63.25286569,61.82112294,61.18000608,61.44622448,62.63606234,64.61408029,67.15402697,70.02398987,73.03032646,76.03602253,78.96069172,81.76433816,84.43770319,86.98972457,89.43904222,91.80885217,94.12121489,96.39763587
3.31,61.4546772,98.12924324,130.9791299,173.2348508,216.2181859,251.9217072,273.5983771,276.6518507,263.4958785,243.9066283,226.9442638,215.4201705,207.9977595,203.2897374,201.1816242,202.0572082,205.9700311,212.4747057,220.8272204,230.2649503,240.1511193,250.0351694,259.6527584,268.8723648,277.6635431,286.0556855,294.1100885,301.9030306,309.5070566,316.9928857
3.325,160.5006713,256.2833316,342.0771086,452.4360247,564.6952448,657.9418356,714.554615,722.5293467,688.1700029,637.0089206,592.7084539,562.6110763,543.226034,530.9301507,525.4244468,527.7112612,537.9304261,554.9187219,576.7330139,601.3815552,627.2012792,653.0154649,678.1337306,702.2125819,725.1725055,747.0902647,768.1259476,788.4787716,808.3382012,827.8889344
3.34,332.9185349,531.5957285,709.5534796,938.4654734,1171.319173,1364.735924,1482.164988,1498.706576,1427.436703,1321.315823,1229.425575,1166.996087,1126.786663,1101.281932,1089.861739,1094.605184,1115.802315,1151.040321,1196.288653,1247.415927,1300.972527,1354.517637,1406.619233,1456.564821,1504.189471,1549.65241,1593.285701,1635.502569,1676.696014,1717.249143
3.355,548.4508997,875.7522486,1168.920332,1546.030573,1929.63439,2248.269672,2441.722631,2468.973288,2351.563106,2176.739279,2025.359035,1922.512527,1856.271413,1814.254853,1795.441199,1803.255571,1838.175791,1896.226989,1970.769225,2054.996447,2143.225746,2231.436117,2317.268438,2399.548946,2478.005933,2552.901711,2624.783319,2694.331511,2762.19371,2829.001052
3.37,717.5895463,1145.828476,1529.407666,2022.816223,2524.720932,2941.621237,3194.733815,3230.388395,3076.769686,2848.031342,2649.966427,2515.402733,2428.733296,2373.759107,2349.143447,2359.367722,2405.057111,2481.010919,2578.541494,2688.743841,2804.182478,2919.59635,3031.898797,3139.554075,3242.206683,3340.199828,3434.249254,3525.245652,3614.036108,3701.446397
3.385,745.6808836,1190.683999,1589.279088,2102.003013,2623.555687,3056.776307,3319.797433,3356.847776,3197.215386,2959.522666,2753.704143,2613.87271,2523.810443,2466.684189,2441.104905,2451.729429,2499.207412,2578.13457,2679.483156,2793.999574,2913.957267,3033.889224,3150.587954,3262.457592,3369.128723,3470.957987,3568.689148,3663.247765,3755.514085,3846.346208
3.4,615.415554,982.6796812,1311.642945,1734.797521,2165.238526,2522.778478,2739.851619,2770.429522,2638.683814,2442.51438,2272.65094,2157.247098,2082.91809,2035.771401,2014.660642,2023.429135,2062.613041,2127.752166,2211.395851,2305.907037,2404.908945,2503.889613,2600.201876,2692.528658,2780.565075,2864.605466,2945.263664,3023.303541,3099.451568,3174.415943
3.415,403.3875396,644.1188173,859.7449595,1137.11085,1419.252789,1653.610144,1795.895467,1815.93842,1729.582824,1600.999292,1489.658597,1414.014634,1365.294065,1334.39074,1320.553233,1326.300733,1351.984678,1394.681538,1449.507614,1511.457032,1576.34999,1641.229027,1704.358999,1764.876601,1822.581989,1877.668095,1930.53727,1981.690208,2031.603092,2080.740126
3.43,209.9979432,335.3192985,447.5712694,591.9640948,738.8432644,860.8464443,934.9182045,945.352287,900.3967646,833.4579663,775.4955491,736.1163536,710.7531032,694.6652619,687.4616483,690.4537166,703.8244214,726.0518129,754.5935058,786.8435109,820.6258827,854.4010068,887.2655926,918.7702143,948.8108371,977.4878979,1005.010855,1031.640363,1057.624317,1083.204373
3.445,86.82527243,138.6403552,185.0518001,244.7521296,305.4804573,355.9236148,386.5491565,390.8632085,372.2760004,344.599637,320.6346276,304.3529949,293.866363,287.2147207,284.236331,285.4734248,291.001646,300.1917328,311.9925163,325.3265302,339.2941128,353.2586989,366.8468159,379.8726451,392.2931728,404.1499252,415.5295045,426.5396804,437.2829468,447.8592188
3.46,28.51122121,45.52598254,60.76632597,80.37040267,100.312048,116.8763038,126.9329563,128.3495817,122.2460132,113.1577961,105.2882938,99.94181788,96.49827347,94.31404254,93.33601477,93.74224504,95.55757292,98.57536475,102.4504433,106.8289958,111.4155963,116.0012128,120.4632064,124.740559,128.8191458,132.7126031,136.4493688,140.0648318,143.5926485,147.0656285
3.475,7.435737267,11.87319345,15.84788078,20.96063139,26.16142002,30.4813842,33.10416297,33.47361943,31.88180644,29.511596,27.45922683,26.06486388,25.16678619,24.59713794,24.34206793,24.44801294,24.92145113,25.70849238,26.71911432,27.86104248,29.05722963,30.25316015,31.41684976,32.53238492,33.5960819,34.61149704,35.58604695,36.52896107,37.44901699,38.35477148
3.49,1.540177605,2.459315868,3.282599987,4.341613197,5.41886188,6.313663812,6.856924686,6.933450865,6.603735784,6.112789843,5.687678932,5.398862032,5.212841589,5.094849324,5.042016215,5.063960794,5.162024897,5.325046163,5.534378099,5.770907728,6.018676118,6.266391352,6.50742847,6.738491269,6.958816734,7.169141493,7.371001765,7.566309259,7.756882093,7.944492644
3.505,0.253370544,0.404575549,0.540011842,0.714227304,0.891442635,1.038644135,1.128014544,1.140603664,1.086363108,1.005598889,0.935665018,0.888152513,0.857550782,0.838140187,0.829448752,0.833058796,0.849191062,0.87600926,0.910445903,0.949356766,0.990116488,1.030867466,1.070519845,1.108531375,1.144776534,1.179376503,1.212584003,1.244713522,1.276064155,1.30692747
3.52,0.033103964,0.052859555,0.070554896,0.093316904,0.116470858,0.135703374,0.147380007,0.14902483,0.141938066,0.131385869,0.122248705,0.116040989,0.11204274,0.109506661,0.108371087,0.108842755,0.110950506,0.11445442,0.118953717,0.124037591,0.129363026,0.134687318,0.139868074,0.144834445,0.149570033,0.15409067,0.158429374,0.162627235,0.166723332,0.170755758
3.535,0.003435124,0.005485118,0.007321323,0.009683286,0.01208592,0.014081635,0.015293293,0.015463972,0.014728595,0.013633617,0.012685474,0.012041313,0.011626424,0.011363261,0.011245425,0.011294369,0.011513085,0.011876678,0.01234356,0.012871103,0.013423711,0.013976201,0.014513796,0.015029145,0.015520547,0.015989643,0.016439861,0.016875463,0.017300506,0.017718942
3.55,0.000283102,0.00045205,0.00060338,0.000798038,0.000996049,0.001160524,0.001260381,0.001274448,0.001213842,0.001123601,0.001045461,0.000992373,0.00095818,0.000936492,0.00092678,0.000930814,0.000948839,0.000978805,0.001017282,0.001060759,0.001106302,0.001151835,0.00119614,0.001238612,0.00127911,0.00131777,0.001354875,0.001390774,0.001425804,0.001460289
3.565,1.85303E-05,2.95888E-05,3.94939E-05,5.22352E-05,6.51959E-05,7.59616E-05,8.24977E-05,8.34184E-05,7.94515E-05,7.35448E-05,6.84301E-05,6.49553E-05,6.27172E-05,6.12976E-05,6.0662E-05,6.0926E-05,6.21058E-05,6.40672E-05,6.65857E-05,6.94315E-05,7.24124E-05,7.53928E-05,7.82928E-05,8.10727E-05,8.37235E-05,8.6254E-05,8.86827E-05,9.10325E-05,9.33253E-05,9.55825E-05
3.58,9.63302E-07,1.53818E-06,2.0531E-06,2.71546E-06,3.38922E-06,3.94887E-06,4.28866E-06,4.33652E-06,4.1303E-06,3.82324E-06,3.55735E-06,3.37671E-06,3.26037E-06,3.18657E-06,3.15352E-06,3.16725E-06,3.22858E-06,3.33054E-06,3.46147E-06,3.6094E-06,3.76437E-06,3.9193E-06,4.07005E-06,4.21457E-06,4.35237E-06,4.48392E-06,4.61017E-06,4.73233E-06,4.85152E-06,4.96886E-06
3.595,3.97732E-08,6.35088E-08,8.4769E-08,1.12117E-07,1.39935E-07,1.63042E-07,1.77071E-07,1.79048E-07,1.70533E-07,1.57855E-07,1.46877E-07,1.39419E-07,1.34615E-07,1.31568E-07,1.30203E-07,1.3077E-07,1.33302E-07,1.37512E-07,1.42917E-07,1.49025E-07,1.55422E-07,1.61819E-07,1.68043E-07,1.7401E-07,1.79699E-07,1.8513E-07,1.90343E-07,1.95386E-07,2.00307E-07,2.05152E-07
3.61,1.30451E-09,2.083E-09,2.78031E-09,3.67728E-09,4.5897E-09,5.34758E-09,5.80771E-09,5.87253E-09,5.59327E-09,5.17744E-09,4.81738E-09,4.57276E-09,4.41519E-09,4.31523E-09,4.27044E-09,4.28896E-09,4.37192E-09,4.50989E-09,4.68708E-09,4.8873E-09,5.09704E-09,5.30674E-09,5.51079E-09,5.7064E-09,5.89293E-09,6.07099E-09,6.24188E-09,6.40723E-09,6.56858E-09,6.72742E-09
3.625,3.4065E-11,5.43941E-11,7.26031E-11,9.60259E-11,1.19852E-10,1.39643E-10,1.51658E-10,1.53351E-10,1.46059E-10,1.352E-10,1.25798E-10,1.19409E-10,1.15292E-10,1.12676E-10,1.11495E-10,1.1196E-10,1.14102E-10,1.17676E-10,1.22272E-10,1.27469E-10,1.32916E-10,1.38362E-10,1.43663E-10,1.48746E-10,1.53593E-10,1.5822E-10,1.62663E-10,1.66961E-10,1.71156E-10,1.75287E-10
3.64,7.31314E-13,1.16774E-12,1.55866E-12,2.0615E-12,2.57301E-12,2.99788E-12,3.25583E-12,3.29217E-12,3.13561E-12,2.9025E-12,2.70063E-12,2.56334E-12,2.47434E-12,2.41643E-12,2.38762E-12,2.39224E-12,2.43115E-12,2.49958E-12,2.58928E-12,2.6917E-12,2.79966E-12,2.90804E-12,3.01382E-12,3.11547E-12,3.21262E-12,3.30555E-12,3.39494E-12,3.48163E-12,3.5664E-12,3.65003E-12
3.655,1.96166E-14,3.13233E-14,4.18092E-14,5.52974E-14,6.90179E-14,8.04146E-14,8.73339E-14,8.83086E-14,8.4109E-14,7.78554E-14,7.24356E-14,6.87153E-14,6.61573E-14,6.41272E-14,6.241E-14,6.10617E-14,6.01639E-14,5.97219E-14,5.96681E-14,5.99073E-14,6.03459E-14,6.0909E-14,6.15471E-14,6.22291E-14,6.294E-14,6.36749E-14,6.44349E-14,6.52244E-14,6.60478E-14,6.69101E-14
3.67,2.36533E-15,3.7769E-15,5.04126E-15,6.66765E-15,8.32204E-15,9.69623E-15,1.05305E-14,1.06481E-14,1.01417E-14,9.38753E-15,8.73321E-15,8.27821E-15,7.94076E-15,7.61495E-15,7.24743E-15,6.83473E-15,6.39659E-15,5.95632E-15,5.53186E-15,5.13456E-15,4.76991E-15,4.43954E-15,4.14278E-15,3.87758E-15,3.64133E-15,3.43125E-15,3.24461E-15,3.07888E-15,2.93169E-15,2.801E-15
3.685,5.95424E-16,9.50758E-16,1.26904E-15,1.67844E-15,2.0949E-15,2.44083E-15,2.65085E-15,2.68043E-15,2.55296E-15,2.36312E-15,2.19838E-15,2.08366E-15,1.99786E-15,1.91347E-15,1.81626E-15,1.70504E-15,1.58509E-15,1.46293E-15,1.34384E-15,1.23134E-15,1.12733E-15,1.0325E-15,9.4685E-16,8.69917E-16,8.01017E-16,7.39386E-16,6.84254E-16,6.34894E-16,5.90624E-16,5.50851E-16
3.7,1.55708E-16,2.48631E-16,3.31863E-16,4.38926E-16,5.47833E-16,6.38296E-16,6.93218E-16,7.00954E-16,6.67619E-16,6.17973E-16,5.74893E-16,5.4489E-16,5.22444E-16,5.0035E-16,4.74877E-16,4.45714E-16,4.1424E-16,3.8217E-16,3.50895E-16,3.21341E-16,2.94007E-16,2.69081E-16,2.46565E-16,2.26336E-16,2.08215E-16,1.92003E-16,1.77497E-16,1.64506E-16,1.52851E-16,1.42375E-16
3.715,3.9911E-17,6.37289E-17,8.50629E-17,1.12505E-16,1.4042E-16,1.63608E-16,1.77685E-16,1.79668E-16,1.71124E-16,1.58399E-16,1.47356E-16,1.39666E-16,1.33913E-16,1.28249E-16,1.21719E-16,1.14244E-16,1.06176E-16,9.79545E-17,8.9937E-17,8.23606E-17,7.53532E-17,6.89633E-17,6.31911E-17,5.8005E-17,5.33596E-17,4.92034E-17,4.54845E-17,4.2154E-17,3.91658E-17,3.64801E-17
3.73,1.00032E-17,1.59728E-17,2.13199E-17,2.81979E-17,3.51945E-17,4.1006E-17,4.45344E-17,4.50314E-17,4.28899E-17,3.97004E-17,3.69328E-17,3.50054E-17,3.35634E-17,3.21439E-17,3.05073E-17,2.86336E-17,2.66115E-17,2.4551E-17,2.25415E-17,2.06426E-17,1.88862E-17,1.72847E-17,1.5838E-17,1.45382E-17,1.33738E-17,1.23321E-17,1.14E-17,1.05653E-17,9.81636E-18,9.14322E-18
3.745,2.45138E-18,3.9143E-18,5.22466E-18,6.9102E-18,8.62477E-18,1.0049E-17,1.09136E-17,1.10354E-17,1.05106E-17,9.72901E-18,9.05078E-18,8.57843E-18,8.22506E-18,7.8772E-18,7.47614E-18,7.01698E-18,6.52142E-18,6.01648E-18,5.52403E-18,5.05868E-18,4.62828E-18,4.23581E-18,3.88127E-18,3.56274E-18,3.27742E-18,3.02214E-18,2.79372E-18,2.58916E-18,2.40562E-18,2.24066E-18
3.76,5.87371E-19,9.37898E-19,1.25187E-18,1.65574E-18,2.06657E-18,2.40781E-18,2.61499E-18,2.64418E-18,2.51843E-18,2.33115E-18,2.16864E-18,2.05546E-18,1.97079E-18,1.88744E-18,1.79135E-18,1.68133E-18,1.56259E-18,1.4416E-18,1.3236E-18,1.2121E-18,1.10898E-18,1.01494E-18,9.29989E-19,8.53667E-19,7.85301E-19,7.24135E-19,6.69404E-19,6.2039E-19,5.76414E-19,5.36888E-19
3.775,1.37608E-19,2.19728E-19,2.93285E-19,3.87903E-19,4.8415E-19,5.64096E-19,6.12634E-19,6.19471E-19,5.90011E-19,5.46136E-19,5.08064E-19,4.81548E-19,4.61712E-19,4.42185E-19,4.19672E-19,3.93897E-19,3.66079E-19,3.37734E-19,3.10091E-19,2.83969E-19,2.59809E-19,2.37778E-19,2.17877E-19,1.99996E-19,1.8398E-19,1.6965E-19,1.56828E-19,1.45345E-19,1.35043E-19,1.25783E-19
3.79,3.15211E-20,5.0332E-20,6.71812E-20,8.88549E-20,1.10902E-19,1.29215E-19,1.40333E-19,1.41899E-19,1.35151E-19,1.25101E-19,1.1638E-19,1.10306E-19,1.05762E-19,1.01289E-19,9.61321E-20,9.02279E-20,8.38559E-20,7.73632E-20,7.10312E-20,6.50477E-20,5.95135E-20,5.4467E-20,4.99083E-20,4.58126E-20,4.21439E-20,3.88615E-20,3.59245E-20,3.32942E-20,3.09343E-20,2.88132E-20
3.805,7.05972E-21,1.12728E-20,1.50465E-20,1.99007E-20,2.48385E-20,2.894E-20,3.14301E-20,3.17809E-20,3.02695E-20,2.80186E-20,2.60653E-20,2.4705E-20,2.36873E-20,2.26856E-20,2.15306E-20,2.02082E-20,1.87811E-20,1.7327E-20,1.59088E-20,1.45687E-20,1.33292E-20,1.2199E-20,1.1178E-20,1.02607E-20,9.43908E-21,8.70394E-21,8.04615E-21,7.45706E-21,6.92853E-21,6.45348E-21
3.82,1.54598E-21,2.46858E-21,3.29496E-21,4.35796E-21,5.43927E-21,6.33744E-21,6.88274E-21,6.95956E-21,6.62858E-21,6.13566E-21,5.70793E-21,5.41004E-21,5.18718E-21,4.96781E-21,4.71488E-21,4.42531E-21,4.1128E-21,3.79437E-21,3.48382E-21,3.19036E-21,2.91894E-21,2.67144E-21,2.44787E-21,2.247E-21,2.06708E-21,1.9061E-21,1.76205E-21,1.63306E-21,1.51732E-21,1.41329E-21
3.835,3.31014E-22,5.28555E-22,7.05495E-22,9.33097E-22,1.16462E-21,1.35693E-21,1.47369E-21,1.49013E-21,1.41927E-21,1.31373E-21,1.22214E-21,1.15836E-21,1.11064E-21,1.06367E-21,1.00952E-21,9.4752E-22,8.80608E-22,8.12429E-22,7.45938E-22,6.83107E-22,6.24995E-22,5.72004E-22,5.24136E-22,4.81129E-22,4.42606E-22,4.08139E-22,3.77299E-22,3.4968E-22,3.249E-22,3.02628E-22
3.85,6.92977E-23,1.10653E-22,1.47695E-22,1.95344E-22,2.43812E-22,2.84073E-22,3.08516E-22,3.11959E-22,2.97123E-22,2.75028E-22,2.55855E-22,2.42502E-22,2.32513E-22,2.2268E-22,2.11343E-22,1.98363E-22,1.84356E-22,1.70083E-22,1.56164E-22,1.43011E-22,1.30845E-22,1.19752E-22,1.09732E-22,1.00729E-22,9.26646E-23,8.54495E-23,7.89936E-23,7.32119E-23,6.80245E-23,6.3362E-23
3.865,1.41847E-23,2.26497E-23,3.0232E-23,3.99852E-23,4.99064E-23,5.81473E-23,6.31506E-23,6.38554E-23,6.08186E-23,5.6296E-23,5.23715E-23,4.96382E-23,4.75935E-23,4.55807E-23,4.32602E-23,4.06035E-23,3.77364E-23,3.4815E-23,3.1966E-23,2.92738E-23,2.67839E-23,2.45134E-23,2.24625E-23,2.06198E-23,1.89693E-23,1.74926E-23,1.61712E-23,1.49878E-23,1.39261E-23,1.29718E-23
3.88,2.83888E-24,4.53306E-24,6.05055E-24,8.00254E-24,9.98815E-24,1.16375E-23,1.26388E-23,1.27799E-23,1.21721E-23,1.12669E-23,1.04815E-23,9.93448E-24,9.52526E-24,9.12243E-24,8.65802E-24,8.12634E-24,7.55255E-24,6.96791E-24,6.39777E-24,5.85902E-24,5.36075E-24,4.9064E-24,4.49597E-24,4.12724E-24,3.79695E-24,3.50144E-24,3.23703E-24,3.00022E-24,2.78776E-24,2.59679E-24
3.895,5.55527E-25,8.87051E-25,1.184E-24,1.56598E-24,1.95453E-24,2.27728E-24,2.47322E-24,2.50083E-24,2.38189E-24,2.20477E-24,2.05107E-24,1.94403E-24,1.86395E-24,1.78512E-24,1.69425E-24,1.59021E-24,1.47794E-24,1.36355E-24,1.252E-24,1.14659E-24,1.0491E-24,9.60206E-25,8.79909E-25,8.07767E-25,7.43148E-25,6.85334E-25,6.33603E-25,5.87274E-25,5.45706E-25,5.08344E-25
3.91,1.0629E-25,1.6972E-25,2.26536E-25,2.9962E-25,3.73962E-25,4.35714E-25,4.73205E-25,4.78486E-25,4.5573E-25,4.21841E-25,3.92434E-25,3.71953E-25,3.56631E-25,3.4155E-25,3.24164E-25,3.04261E-25,2.82783E-25,2.609E-25,2.39561E-25,2.19397E-25,2.0075E-25,1.83746E-25,1.68387E-25,1.54589E-25,1.42229E-25,1.31171E-25,1.21277E-25,1.12415E-25,1.04464E-25,9.73177E-26
3.925,1.9884E-26,3.17503E-26,4.23791E-26,5.60512E-26,6.99587E-26,8.15108E-26,8.85244E-26,8.95123E-26,8.52554E-26,7.89155E-26,7.34142E-26,6.95828E-26,6.67166E-26,6.38955E-26,6.06434E-26,5.69206E-26,5.29035E-26,4.88108E-26,4.48199E-26,4.10492E-26,3.75621E-26,3.43826E-26,3.15107E-26,2.89306E-26,2.66195E-26,2.45519E-26,2.27018E-26,2.10448E-26,1.95581E-26,1.82218E-26
3.94,3.63703E-27,5.80751E-27,7.75164E-27,1.02524E-26,1.27963E-26,1.49093E-26,1.61922E-26,1.63729E-26,1.55942E-26,1.44346E-26,1.34283E-26,1.27275E-26,1.22033E-26,1.16873E-26,1.10926E-26,1.04118E-26,9.67726E-27,8.92896E-27,8.19934E-27,7.51002E-27,6.87257E-27,6.29139E-27,5.76646E-27,5.29488E-27,4.8725E-27,4.4946E-27,4.15646E-27,3.85361E-27,3.58188E-27,3.33761E-27
3.955,6.50455E-28,1.03863E-27,1.38632E-27,1.83357E-27,2.28852E-27,2.66642E-27,2.89585E-27,2.92817E-27,2.78891E-27,2.58152E-27,2.40156E-27,2.27622E-27,2.18247E-27,2.09021E-27,1.98387E-27,1.86217E-27,1.73087E-27,1.59713E-27,1.46674E-27,1.34357E-27,1.22968E-27,1.12585E-27,1.03207E-27,9.47837E-28,8.72389E-28,8.04889E-28,7.4449E-28,6.90394E-28,6.41852E-28,5.98213E-28
3.97,1.13741E-28,1.81618E-28,2.42417E-28,3.20624E-28,4.00178E-28,4.66259E-28,5.06378E-28,5.12029E-28,4.87679E-28,4.51413E-28,4.19945E-28,3.98029E-28,3.81636E-28,3.65506E-28,3.46919E-28,3.25651E-28,3.02711E-28,2.79349E-28,2.56577E-28,2.35068E-28,2.15184E-28,1.97059E-28,1.80692E-28,1.6599E-28,1.52823E-28,1.41043E-28,1.30502E-28,1.21061E-28,1.12589E-28,1.04971E-28
3.985,1.94466E-29,3.10518E-29,4.14468E-29,5.48181E-29,6.84196E-29,7.97176E-29,8.65769E-29,8.75431E-29,8.33798E-29,7.71795E-29,7.17992E-29,6.80522E-29,6.52498E-29,6.2493E-29,5.93174E-29,5.56849E-29,5.1768E-29,4.77803E-29,4.38946E-29,4.02256E-29,3.68346E-29,3.37443E-29,3.09541E-29,2.84483E-29,2.62042E-29,2.41967E-29,2.24003E-29,2.07912E-29,1.93469E-29,1.80481E-29
4,3.25087E-30,5.1909E-30,6.92861E-30,9.16388E-30,1.14376E-29,1.33263E-29,1.4473E-29,1.46345E-29,1.39385E-29,1.2902E-29,1.20026E-29,1.13762E-29,1.09079E-29,1.04473E-29,9.91702E-30,9.31078E-30,8.65744E-30,7.99264E-30,7.34518E-30,6.73411E-30,6.16959E-30,5.65532E-30,5.19115E-30,4.77437E-30,4.4012E-30,4.06737E-30,3.76865E-30,3.50102E-30,3.26076E-30,3.04463E-30